policy,dataset,count,body_pos_m,body_ori_rad,global_root_m,wrist_pos_m,wrist_ori_rad,tracking_return,progress
bfm_zero,locomotion,80,0.05667619472369552,0.25304075982421637,3.090029053017497,0.08986848392523825,0.334161669947207,1.498464442762731,1.0
bfm_zero,manipulation,48,0.047538253905562065,0.23061404408266148,,0.08437630402234693,0.3750668962796529,1.5746558037084404,0.968938127090301
bfm_zero,ground,60,0.09719201164940992,0.40448707193136213,,0.1402265175556143,0.5170636810362339,0.70028275349214,0.5319748593841649
bfm_zero,dance,40,0.07322132298722864,0.3955298915505409,,0.13321163039654493,0.6545947238802909,1.243529980735139,0.9885375494071147
grit_v0_0_1,locomotion,80,0.031724696955643596,0.14678680952638387,0.39534731982275845,0.02801556105259806,0.23815290126949548,1.8378881380042908,1.0
grit_v0_0_1,manipulation,48,0.03842832986265421,0.15787497349083424,,0.038167995652959995,0.24726822040975094,1.7965345311305188,1.0
grit_v0_0_1,ground,60,0.11999010862782597,0.480509568999211,,0.12285806220024824,0.580850000679493,1.0997984708085882,0.732770910594293
grit_v0_0_1,dance,40,0.05181481204926967,0.2271960649639368,,0.05396832004189491,0.39152565225958824,1.5925346362635886,0.9798797854663055
heft,locomotion,80,0.03222705340012908,0.10199129884131253,0.40286889765411615,0.030604408867657185,0.11234802827239036,1.8966550460200675,1.0
heft,manipulation,48,0.03372823590567956,0.09754025206590693,,0.036306978397381805,0.10480951129769285,1.8787293986180533,0.9874456521739131
heft,ground,60,0.08924642285952965,0.31940049678087234,,0.09781935702388485,0.3943390890955925,1.4421048166457524,0.8638388785242396
heft,dance,40,0.04414981729350984,0.1489244932308793,,0.048621568270027636,0.17854335494339466,1.623468107553786,0.9019602742503399
holomotion,locomotion,80,0.03297294888179749,0.14500045422464608,0.8885666381567716,0.03019270347431302,0.21536484342068435,1.794695325053938,1.0
holomotion,manipulation,48,0.03850774401022742,0.17008793462688723,,0.036379670801882945,0.24589311548819145,1.718394527973414,0.9707107023411371
holomotion,ground,60,0.09857787073900302,0.4695669338107109,,0.11984379421919585,0.6094218422969182,1.0584842062754025,0.7196235079517053
holomotion,dance,40,0.039718959899619224,0.20239009112119674,,0.04681498571299016,0.32755808942019937,1.5866249165413637,0.9527052019760328
humanoid_gpt,locomotion,80,0.04271418794523925,0.14848976582288742,1.323306903988123,0.053121502068825065,0.18425698783248662,1.7862267517350265,0.9933937823834198
humanoid_gpt,manipulation,48,0.03477923688478768,0.1325638904236257,,0.04816364834550768,0.20341238969316086,1.8363450837505868,1.0
humanoid_gpt,ground,60,0.07207650902370612,0.23121794002751508,,0.08456664178520441,0.19537058199445406,0.793867762640629,0.5132241031877077
humanoid_gpt,dance,40,0.054716691141948104,0.23495655581355096,,0.08317943587899208,0.3575311705470085,1.1928953956741268,0.7551149644399702
mimic_lite_ppo,locomotion,80,0.031524282228201625,0.09733167891390622,0.2545467473566532,0.0332515420159325,0.11686468627303839,1.8996171646938715,1.0
mimic_lite_ppo,manipulation,48,0.03432305137782047,0.12065960451339681,,0.038660274197657905,0.15315783210098743,1.7719915252125584,0.9523394648829431
mimic_lite_ppo,ground,60,0.11108310054987669,0.4192931038637956,,0.1369642576823632,0.505366267512242,1.0831859157145352,0.741889283221896
mimic_lite_ppo,dance,40,0.05226112427189946,0.19975797235965728,,0.06888078590855003,0.27735318429768085,1.4709091861788512,0.878476071581234
mimic_lite_roa,locomotion,80,0.02921662963926792,0.09471683865413069,0.2609265518374741,0.03160998402163386,0.1408570284023881,1.8863280650937693,0.9868730393711889
mimic_lite_roa,manipulation,48,0.03473550845713665,0.11795718277183671,,0.03480758847823987,0.16635816295941672,1.7662443910809091,0.9452717391304347
mimic_lite_roa,ground,60,0.1320075748488307,0.5101110982398193,,0.14753994004180035,0.6183153947194417,1.0015420701814877,0.69199128611705
mimic_lite_roa,dance,40,0.04775666315108538,0.1815790344029665,,0.0609635129570961,0.2671830903738737,0.9918594998008791,0.5733978851206764
scalebfm_m,locomotion,80,0.036559921340085566,0.13137181671336293,0.9622803730890155,0.038962522009387615,0.20062428452074527,1.8406289534174018,1.0
scalebfm_m,manipulation,48,0.036032873399866126,0.13135259365662932,,0.035693153350924454,0.19913625686119,1.8404383944355507,1.0
scalebfm_m,ground,60,0.08968574311584235,0.313242011765639,,0.09933360827465852,0.40633580709497136,1.5588924784030236,0.9419758015436691
scalebfm_m,dance,40,0.049429416097700594,0.20983507260680198,,0.0546065236441791,0.3777401201426983,1.619300421175149,0.9875262973352033
scalebfm_xl,locomotion,80,0.038214038615114986,0.14794636871665717,0.6327748152893037,0.054151361947879194,0.1800857807509601,1.8260719761967181,1.0
scalebfm_xl,manipulation,48,0.037749816935199,0.11719102249480784,,0.04832395298096041,0.15200540935620666,1.865413308554716,1.0
scalebfm_xl,ground,60,0.08361077265193065,0.2748462792485952,,0.101431646818916,0.3327033365766207,1.6414760702003406,0.9580293160429142
scalebfm_xl,dance,40,0.047755959630012515,0.18887436352670192,,0.05947523508220911,0.2975462473928928,1.705322259114417,1.0
sonic_g1,locomotion,80,0.028732619737274943,0.1506453632377088,0.3633348483592272,0.030148559901863336,0.21080264318734407,1.8165884624831001,1.0
sonic_g1,manipulation,48,0.04547353515711924,0.17018768920873603,,0.05674753473916402,0.24454338879634938,1.7294178020764737,1.0
sonic_g1,ground,60,0.0803022903079788,0.3549287075797717,,0.09198895320296288,0.48100265065828957,1.2634366863496902,0.862945043083211
sonic_g1,dance,40,0.04865016900002957,0.27171200811862944,,0.06346561498939991,0.47162035331130026,1.482778662083648,0.9889945652173913
sonic_low_latency,locomotion,80,0.03073314225766808,0.1564748365432024,0.8893161617219448,0.033235412533394994,0.17710258401930332,1.8116385873899319,1.0
sonic_low_latency,manipulation,48,0.038950108302136265,0.17102389953409633,,0.044052942850006126,0.23567785322666168,1.7614653800834281,1.0
sonic_low_latency,ground,60,0.1114952183018128,0.49258489633599917,,0.12915602816889685,0.6217303177962701,1.008317273759117,0.7273921212416979
sonic_low_latency,dance,40,0.05364042082801461,0.2989570204168558,,0.07221738789230585,0.49515361785888673,1.4090012432349683,0.9651380730054677
sonic_v1_1,locomotion,80,0.02955476166680455,0.15836953073740007,0.6231905802618712,0.03197598543483764,0.16265328647568822,1.8149480103766067,1.0
sonic_v1_1,manipulation,48,0.040674171914967396,0.1613793953632315,,0.04467846631693343,0.17164197020853558,1.7798902370003757,1.0
sonic_v1_1,ground,60,0.11670980167885621,0.4931022067864736,,0.13139173208425442,0.5573339318235715,1.0182050282727582,0.7134487439362819
sonic_v1_1,dance,40,0.05287118358537555,0.287787351757288,,0.07065862156450749,0.44930898696184157,1.461695371410032,0.9884943181818182
teleopit,locomotion,80,0.03624937806744129,0.14626557854935526,0.33986674901098013,0.04664866931270808,0.19705260843038558,1.8305194399283635,1.0
teleopit,manipulation,48,0.03622039221227169,0.15150248243783912,,0.04626972205005586,0.22053897908578315,1.8105579559790241,1.0
teleopit,ground,60,0.1295540583630403,0.48527874623735745,,0.15038379766047,0.5395981622238953,1.317114937928419,0.8661815063255016
teleopit,dance,40,0.05833010086789727,0.25772663243114946,,0.0831872958689928,0.41839486360549927,1.475202501250543,0.9513525784295167
twist2,locomotion,80,0.05683653694577515,0.3414729733020067,3.867755672335625,0.07531686425209046,0.6519752841442823,1.3002345705332234,0.950257885254999
twist2,manipulation,48,0.04376518648738662,0.33804905725022155,,0.06264394475147128,0.6452690623700619,1.3865903133962385,0.9814094896331739
twist2,ground,60,0.09326080586761236,0.503888928393523,,0.11142121590673923,0.7828519915541013,0.48521281942276456,0.3887445047630183
twist2,dance,40,0.07156919380649925,0.4201771646738052,,0.11344811376184225,0.7813531771302223,0.7484622140113639,0.6040827164697155
